id,kind,parent_figure,panel,runnable,reproduction_level,raw_to_figure_complete,rebuild_derived_supported,pixel_exact_verified,comparison_class,output,reference,limitations
Fig1,full_figure,Fig1,,False,blocked,False,False,False,blocked_full_figure,,reference/Fig1_R1.png,The final four-panel composition and part of the upstream calculation code were not archived.
Fig2,full_figure,Fig2,,False,blocked,False,False,False,blocked_full_figure,,reference/Fig2.png,The final map-plus-six-track composition script and an upstream grid-statistics module were not archived.
Fig3,full_figure,Fig3,,True,analysis-ready numeric tables to exact figure,False,False,True,pixel_exact_accepted_full_figure,outputs/Fig3/Fig3.png,reference/Fig3.png,
Fig4,full_figure,Fig4,,True,analysis-ready numeric tables to recomputed final derivatives to exact figure,False,True,True,pixel_exact_accepted_full_figure,outputs/Fig4/Fig4.png,reference/Fig4.png,
Fig5,full_figure,Fig5,,False,blocked,False,False,False,blocked_full_figure,,reference/Fig5_R1.png,The final R1 multi-source composition was assembled manually and has no archived final script.
Fig6,full_figure,Fig6,,True,analysis-ready numeric tables to recomputed final derivatives to exact figure,False,True,True,pixel_exact_accepted_full_figure,outputs/Fig6/Fig6.png,reference/Fig6.png,
ED1,full_figure,ED1,,True,analysis-ready numeric tables to exact figure,False,False,True,pixel_exact_accepted_full_figure,outputs/ED1/Extended_Data_Fig_01_space_weather_lugre_context_surface_phase.png,reference/Extended_Data_Fig_01_space_weather_lugre_context_surface_phase.png,
ED2,full_figure,ED2,,True,analysis-ready numeric tables to exact figure,False,False,True,pixel_exact_accepted_full_figure,outputs/ED2/Extended_Data_Fig_02_observing_geometry.png,reference/Extended_Data_Fig_02_observing_geometry.png,
ED3,full_figure,ED3,,False,blocked,False,False,False,blocked_full_figure,,reference/Extended_Data_Fig_03_main_lobe_antenna_geometry_R1.png,"The final R1 image is a manual three-part composite, and the source off-boresight table has no archived generator."
ED4,full_figure,ED4,,False,blocked,False,False,False,blocked_full_figure,,reference/Extended_Data_Fig_04_cn0_detrending_op38_e23.png,"The final plotting script calls helper APIs that are absent from every archived helper revision, so the scientific transformation and exact final output cannot be validated."
ED5,full_figure,ED5,,False,blocked,False,False,False,blocked_full_figure,,reference/Extended_Data_Fig_05_polar_validation_diagnostics_R1.png,The final R1 multi-source composition was assembled manually and has no archived final script.
ED6,full_figure,ED6,,True,raw telemetry to validated hybrid observations with explicit processed fallbacks to exact figure,False,True,True,pixel_exact_accepted_full_figure,outputs/ED6/Extended_Data_Fig_06_s_phase_day1_op38_R1.png,reference/Extended_Data_Fig_06_s_phase_day1_op38_R1.png,
ED7,full_figure,ED7,,True,raw telemetry to validated hybrid observations with explicit processed fallbacks to exact figure,False,True,True,pixel_exact_accepted_full_figure,outputs/ED7/Extended_Data_Fig_07_s_phase_day2_op40_R1.png,reference/Extended_Data_Fig_07_s_phase_day2_op40_R1.png,
ED8,full_figure,ED8,,True,raw telemetry to validated hybrid observations with explicit processed fallbacks to exact figure,False,True,True,pixel_exact_accepted_full_figure,outputs/ED8/Extended_Data_Fig_08_s_phase_day3_op74_R1.png,reference/Extended_Data_Fig_08_s_phase_day3_op74_R1.png,
ED9,full_figure,ED9,,True,raw telemetry to validated hybrid observations with explicit processed fallbacks to exact figure,False,True,True,pixel_exact_accepted_full_figure,outputs/ED9/Extended_Data_Fig_09_s_phase_day4_op76_op78_R1.png,reference/Extended_Data_Fig_09_s_phase_day4_op76_op78_R1.png,
Fig1_A,panel,Fig1,A,False,formal-raster reference only,False,False,False,blocked_reference_only,,reference/panels/Fig1/Fig1_A.png,No scientific redraw is claimed.
Fig1_B,panel,Fig1,B,True,analysis-ready grid-cell reproduction,False,False,False,scientific_reproduction_only,outputs/Fig1_B/Fig1_B.png,reference/panels/Fig1/Fig1_B.png,Scientific values and panel semantics are reproduced from the packaged artifact-screened common-grid table; the manually assembled manuscript raster is not claimed to be byte-identical.
Fig1_C,panel,Fig1,C,True,analysis-ready artifact-screened grid-cell reproduction,False,False,False,scientific_reproduction_only,outputs/Fig1_C/Fig1_C.png,reference/panels/Fig1/Fig1_C.png,Scientific values and Robinson-map semantics are reproduced from the packaged artifact-screened grid table; coastline/font rasterization may differ from the manually assembled manuscript raster.
Fig1_D,panel,Fig1,D,True,analysis-ready grid-cell reproduction,False,False,False,scientific_reproduction_only,outputs/Fig1_D/Fig1_D.png,reference/panels/Fig1/Fig1_D.png,Scientific values and Robinson-map semantics are reproduced from the packaged ROTI grid table; coastline/font rasterization may differ from the manually assembled manuscript raster.
Fig2_A,panel,Fig2,A,True,analysis-ready WGS84 point-track reproduction,False,False,False,scientific_reproduction_only,outputs/Fig2_A/Fig2_A.png,reference/panels/Fig2/Fig2_A.png,North-polar tracks and highlighted events are redrawn from packaged WGS84 point data; the package uses its bundled Natural Earth coastline.
Fig2_B,panel,Fig2,B,True,analysis-ready WGS84 point-track reproduction,False,False,False,scientific_reproduction_only,outputs/Fig2_B/Fig2_B.png,reference/panels/Fig2/Fig2_B.png,South-polar tracks and highlighted events are redrawn from packaged WGS84 point data; the package uses its bundled Natural Earth coastline.
Fig2_C1,panel,Fig2,C1,True,analysis-ready numerical inputs to independent panel redraw,False,False,False,scientific_reproduction_only,outputs/Fig2_C1/Fig2_C1.png,reference/panels/Fig2/Fig2_C1.png,"C/N0 samples, WGS84 tangent heights, frequency colours and ionospheric layer context are redrawn from the packaged selected-event point data."
Fig2_C2,panel,Fig2,C2,True,analysis-ready numerical inputs to independent panel redraw,False,False,False,scientific_reproduction_only,outputs/Fig2_C2/Fig2_C2.png,reference/panels/Fig2/Fig2_C2.png,"C/N0 samples, WGS84 tangent heights, frequency colours and ionospheric layer context are redrawn from the packaged selected-event point data."
Fig2_C3,panel,Fig2,C3,True,analysis-ready numerical inputs to independent panel redraw,False,False,False,scientific_reproduction_only,outputs/Fig2_C3/Fig2_C3.png,reference/panels/Fig2/Fig2_C3.png,"C/N0 samples, WGS84 tangent heights, frequency colours and ionospheric layer context are redrawn from the packaged selected-event point data."
Fig2_C4,panel,Fig2,C4,True,analysis-ready numerical inputs to independent panel redraw,False,False,False,scientific_reproduction_only,outputs/Fig2_C4/Fig2_C4.png,reference/panels/Fig2/Fig2_C4.png,"C/N0 samples, WGS84 tangent heights, frequency colours and ionospheric layer context are redrawn from the packaged selected-event point data."
Fig2_C5,panel,Fig2,C5,True,analysis-ready numerical inputs to independent panel redraw,False,False,False,scientific_reproduction_only,outputs/Fig2_C5/Fig2_C5.png,reference/panels/Fig2/Fig2_C5.png,"C/N0 samples, WGS84 tangent heights, frequency colours and ionospheric layer context are redrawn from the packaged selected-event point data."
Fig2_C6,panel,Fig2,C6,True,analysis-ready numerical inputs to independent panel redraw,False,False,False,scientific_reproduction_only,outputs/Fig2_C6/Fig2_C6.png,reference/panels/Fig2/Fig2_C6.png,"C/N0 samples, WGS84 tangent heights, frequency colours and ionospheric layer context are redrawn from the packaged selected-event point data."
Fig5_A,panel,Fig5,A,True,analysis-ready numeric inputs to source-code redraw,False,False,True,pixel_exact,outputs/Fig5_A/Fig5_A.png,reference/panels/Fig5/Fig5_A.png,"The accepted full-figure assembly chain is incomplete. | Pixel equality, when true, applies to the standalone panel reference only."
Fig5_B,panel,Fig5,B,True,analysis-ready numeric inputs to source-code redraw,False,False,True,pixel_exact,outputs/Fig5_B/Fig5_B.png,reference/panels/Fig5/Fig5_B.png,"The accepted full-figure assembly chain is incomplete. | Pixel equality, when true, applies to the standalone panel reference only."
Fig5_C,panel,Fig5,C,True,analysis-ready numeric inputs to source-code redraw,False,False,True,pixel_exact,outputs/Fig5_C/Fig5_C.png,reference/panels/Fig5/Fig5_C.png,"The accepted full-figure assembly chain is incomplete. | Pixel equality, when true, applies to the standalone panel reference only."
Fig5_D,panel,Fig5,D,True,analysis-ready numeric inputs to source-code redraw,False,False,True,pixel_exact,outputs/Fig5_D/Fig5_D.png,reference/panels/Fig5/Fig5_D.png,"The accepted full-figure assembly chain is incomplete. | Pixel equality, when true, applies to the standalone panel reference only."
Fig5_E,panel,Fig5,E,True,analysis-ready numeric inputs to source-code redraw,False,False,True,pixel_exact,outputs/Fig5_E/Fig5_E.png,reference/panels/Fig5/Fig5_E.png,"The accepted full-figure assembly chain is incomplete. | Pixel equality, when true, applies to the standalone panel reference only."
Fig5_F,panel,Fig5,F,True,analysis-ready numeric inputs to source-code redraw,False,False,True,pixel_exact,outputs/Fig5_F/Fig5_F.png,reference/panels/Fig5/Fig5_F.png,"The accepted full-figure assembly chain is incomplete. | Pixel equality, when true, applies to the standalone panel reference only."
Fig5_G,panel,Fig5,G,True,analysis-ready numeric inputs to source-code redraw,False,False,True,pixel_exact,outputs/Fig5_G/Fig5_G.png,reference/panels/Fig5/Fig5_G.png,"The accepted full-figure assembly chain is incomplete. | Pixel equality, when true, applies to the standalone panel reference only."
Fig5_H,panel,Fig5,H,True,analysis-ready numeric inputs to source-code redraw,False,False,True,pixel_exact,outputs/Fig5_H/Fig5_H.png,reference/panels/Fig5/Fig5_H.png,"The accepted full-figure assembly chain is incomplete. | Pixel equality, when true, applies to the standalone panel reference only."
Fig5_I,panel,Fig5,I,True,analysis-ready numeric inputs to source-code redraw,False,False,True,pixel_exact,outputs/Fig5_I/Fig5_I.png,reference/panels/Fig5/Fig5_I.png,"The accepted full-figure assembly chain is incomplete. | Pixel equality, when true, applies to the standalone panel reference only."
Fig5_J,panel,Fig5,J,True,analysis-ready numeric inputs to source-code redraw,False,False,True,pixel_exact,outputs/Fig5_J/Fig5_J.png,reference/panels/Fig5/Fig5_J.png,"The accepted full-figure assembly chain is incomplete. | Pixel equality, when true, applies to the standalone panel reference only."
ED3_A,panel,ED3,A,True,analysis-ready numeric observations to panel,False,False,False,scientific_reproduction_only,outputs/ED3_A/ED3_A.png,reference/panels/ED3/ED3_A_reference.png,"The accepted full-figure assembly chain is incomplete. | Pixel equality, when true, applies to the standalone panel reference only."
ED3_B,panel,ED3,B,True,numeric geometry to alternative schematic,False,False,False,scientific_reproduction_only,outputs/ED3_B/ED3_B.png,reference/panels/ED3/ED3_B_reference.png,The accepted illustration artwork and exact final compositor were not archived.
ED3_C,panel,ED3,C,True,analysis-ready transmit-pattern envelopes to panel,False,False,False,scientific_reproduction_only,outputs/ED3_C/ED3_C.png,reference/panels/ED3/ED3_C_reference.png,"The accepted full-figure assembly chain is incomplete. | Pixel equality, when true, applies to the standalone panel reference only."
ED4_A,panel,ED4,A,True,analysis-ready numeric table to helper-independent panel,False,False,False,scientific_reproduction_only,outputs/ED4_A/ED4_A.png,reference/panels/ED4/ED4_A_reference.png,"The accepted full-figure assembly chain is incomplete. | Pixel equality, when true, applies to the standalone panel reference only."
ED4_B,panel,ED4,B,True,analysis-ready residual table to helper-independent panel,False,False,False,scientific_reproduction_only,outputs/ED4_B/ED4_B.png,reference/panels/ED4/ED4_B_reference.png,"The accepted full-figure assembly chain is incomplete. | Pixel equality, when true, applies to the standalone panel reference only."
ED4_C,panel,ED4,C,True,analysis-ready WGS84 tangent geometry to helper-independent panel,False,False,False,scientific_reproduction_only,outputs/ED4_C/ED4_C.png,reference/panels/ED4/ED4_C_reference.png,"The accepted full-figure assembly chain is incomplete. | Pixel equality, when true, applies to the standalone panel reference only."
ED4_D,panel,ED4,D,True,analysis-ready simulated WGS84 footprint to helper-independent panel,False,False,False,scientific_reproduction_only,outputs/ED4_D/ED4_D.png,reference/panels/ED4/ED4_D_reference.png,"The accepted full-figure assembly chain is incomplete. | Pixel equality, when true, applies to the standalone panel reference only."
ED5_A,panel,ED5,A,True,selected-event panel-ready numeric inputs to panel,False,False,False,scientific_reproduction_only,outputs/ED5_A/ED5_A.png,reference/panels/ED5/ED5_A_reference.png,"The accepted full-figure assembly chain is incomplete. | Pixel equality, when true, applies to the standalone panel reference only."
ED5_B,panel,ED5,B,True,selected-event panel-ready numeric inputs to panel,False,False,False,scientific_reproduction_only,outputs/ED5_B/ED5_B.png,reference/panels/ED5/ED5_B_reference.png,"The accepted full-figure assembly chain is incomplete. | Pixel equality, when true, applies to the standalone panel reference only."
ED5_C,panel,ED5,C,True,selected-event panel-ready numeric inputs to panel,False,False,False,scientific_reproduction_only,outputs/ED5_C/ED5_C.png,reference/panels/ED5/ED5_C_reference.png,"The accepted full-figure assembly chain is incomplete. | Pixel equality, when true, applies to the standalone panel reference only."
ED5_D,panel,ED5,D,True,selected-event YunYao/IRI/PFISR numeric profiles to panel,False,False,False,scientific_reproduction_only,outputs/ED5_D/ED5_D.png,reference/panels/ED5/ED5_D_reference.png,"The accepted full-figure assembly chain is incomplete. | Pixel equality, when true, applies to the standalone panel reference only."
ED5_E,panel,ED5,E,True,selected-event 2026-07-27 filled beam-range velocity cells to panel,False,False,False,scientific_reproduction_only,outputs/ED5_E/ED5_E.png,reference/panels/ED5/ED5_E_reference.png,"The accepted full-figure assembly chain is incomplete. | Pixel equality, when true, applies to the standalone panel reference only."
ED5_F,panel,ED5,F,True,selected-event panel-ready numeric inputs to panel,False,False,False,scientific_reproduction_only,outputs/ED5_F/ED5_F.png,reference/panels/ED5/ED5_F_reference.png,"The accepted full-figure assembly chain is incomplete. | Pixel equality, when true, applies to the standalone panel reference only."
ED5_G,panel,ED5,G,True,selected-event panel-ready numeric inputs to panel,False,False,False,scientific_reproduction_only,outputs/ED5_G/ED5_G.png,reference/panels/ED5/ED5_G_reference.png,"The accepted full-figure assembly chain is incomplete. | Pixel equality, when true, applies to the standalone panel reference only."
ED5_H,panel,ED5,H,True,selected-event panel-ready numeric inputs to panel,False,False,False,scientific_reproduction_only,outputs/ED5_H/ED5_H.png,reference/panels/ED5/ED5_H_reference.png,"The accepted full-figure assembly chain is incomplete. | Pixel equality, when true, applies to the standalone panel reference only."
ED5_I,panel,ED5,I,True,selected-event YunYao/IRI numeric profiles to panel,False,False,False,scientific_reproduction_only,outputs/ED5_I/ED5_I.png,reference/panels/ED5/ED5_I_reference.png,"The accepted full-figure assembly chain is incomplete. | Pixel equality, when true, applies to the standalone panel reference only."
ED5_J,panel,ED5,J,True,selected-event 2026-07-27 filled beam-range velocity cells to panel,False,False,False,scientific_reproduction_only,outputs/ED5_J/ED5_J.png,reference/panels/ED5/ED5_J_reference.png,"The accepted full-figure assembly chain is incomplete. | Pixel equality, when true, applies to the standalone panel reference only."
